date,wind_speed_700,wind_speed_850,wind_shear,temp_lapse
2022-01-01,1.6165669,1.1701652,0.44640157,10.188441
2022-01-02,1.6772038,1.1452343,0.5319695,10.451794
2022-01-03,2.7663758,1.332811,1.4335648,10.342452
2022-01-04,1.757009,1.1832073,0.5738018,9.749195
2022-01-05,2.1031706,1.1778356,0.9253352,9.862694
2022-01-06,2.9873352,1.4331588,1.5541764,9.877511
2022-01-07,1.8426645,1.389426,0.45323843,9.99777
2022-01-08,1.9542019,1.3549585,0.59924346,10.037999
2022-01-09,2.7650704,1.4117066,1.3533636,10.017375
2022-01-10,2.0552819,1.7779832,0.2772988,10.484786
2022-01-11,1.8182783,1.4822489,0.33602932,10.498087
2022-01-12,1.6532589,1.2292888,0.42397007,10.56374
2022-01-13,1.3058397,1.2225715,0.08326809,10.281206
2022-01-14,1.6780331,1.450146,0.22788711,9.955091
2022-01-15,1.2221859,1.1790742,0.043111652,10.323686
2022-01-16,1.4944824,1.0405532,0.4539292,9.808151
2022-01-17,1.2286706,1.3739945,-0.14532398,10.6889105
2022-01-18,1.5501326,1.5460502,0.0040822504,10.997561
2022-01-19,1.5962135,1.4273477,0.16886592,11.261946
2022-01-20,1.9620144,1.44695,0.5150645,10.898022
2022-01-21,1.2664832,1.3603334,-0.09385026,10.602851
2022-01-22,2.3154068,1.5195105,0.79589623,10.752814
2022-01-23,2.6580675,2.0467298,0.61133754,9.966899
2022-01-24,2.26515,1.7820146,0.48313534,10.500899
2022-01-25,2.7657158,1.8488705,0.9168452,10.415659
2022-01-26,3.3183007,2.117938,1.2003627,10.542423
2022-01-27,1.5627264,1.6576177,-0.094891176,10.310457
2022-01-28,1.7051172,1.6969491,0.008168035,9.859842
2022-01-29,1.9759426,1.3720957,0.603847,9.16069
2022-01-30,2.6768205,1.9139569,0.76286364,9.142838
2022-01-31,3.1152592,2.019979,1.09528,9.918001
2022-02-01,4.4506173,2.235416,2.2152016,10.068645
2022-02-02,1.6057023,1.6153457,-0.00964344,9.566834
2022-02-03,3.4429522,2.2231743,1.2197776,10.113921
2022-02-04,4.37584,3.263406,1.1124343,9.545444
2022-02-05,1.6071196,1.3070751,0.30004427,9.790191
2022-02-06,1.7672794,1.2675576,0.49972168,9.250729
2022-02-07,4.4796915,1.4977851,2.9819064,8.829219
2022-02-08,3.4246562,1.5389714,1.8856847,9.523361
2022-02-09,4.977133,2.0358763,2.9412565,10.1081915
2022-02-10,3.369718,1.9535007,1.4162172,10.598616
2022-02-11,3.6480625,1.9789762,1.6690866,10.128889
2022-02-12,2.445355,1.2166,1.2287548,9.322782
2022-02-13,1.4705973,1.3829973,0.08759994,10.161557
2022-02-14,2.6251423,1.5502727,1.0748698,9.923678
2022-02-15,2.1159933,1.8233886,0.2926048,10.344742
2022-02-16,3.4312258,1.4983165,1.9329093,10.916749
2022-02-17,3.5710156,1.9367591,1.6342564,10.468922
2022-02-18,3.9912057,2.0171304,1.9740753,9.747175
2022-02-19,4.5818844,2.524997,2.0568874,10.493311
2022-02-20,4.531907,2.4505272,2.08138,10.763144
2022-02-21,2.52672,1.7681717,0.75854856,10.764464
2022-02-22,1.3959318,1.7035542,-0.30762228,10.079743
2022-02-23,5.125601,1.7241364,3.4014647,9.955618
2022-02-24,4.4364486,1.794607,2.6418417,10.570908
2022-02-25,3.0272143,1.8043844,1.2228299,10.527625
2022-02-26,3.3634875,1.8509048,1.5125825,10.706501
2022-02-27,5.209173,2.6803842,2.5287893,10.971801
2022-02-28,3.4858663,2.4002635,1.0856029,10.897329
2022-03-01,2.5435433,1.7954406,0.74810284,10.68223
2022-03-02,3.6431506,1.7292624,1.9138881,10.77232
2022-03-03,4.038377,2.2870471,1.7513297,10.333839
2022-03-04,4.6199317,3.0382435,1.5816883,10.966423
2022-03-05,3.657378,2.1738646,1.4835132,10.708957
2022-03-06,1.3578427,1.3894055,-0.031562712,9.201606
2022-03-07,1.4282904,1.6115594,-0.18326886,10.610681
2022-03-08,1.7742751,1.6083297,0.1659455,11.326268
2022-03-09,1.420672,1.6206335,-0.19996135,10.99605
2022-03-10,1.8772007,1.9074113,-0.030210704,10.886381
2022-03-11,1.5415168,1.8976545,-0.3561377,11.170409
2022-03-12,1.8290964,1.2241347,0.6049617,10.970691
2022-03-13,1.4935805,1.5376909,-0.044110537,10.797225
2022-03-14,1.350728,1.2569722,0.093755946,10.181281
2022-03-15,1.5524387,1.6492614,-0.09682258,10.323129
2022-03-16,1.0252326,1.1912224,-0.16598986,10.068826
2022-03-17,1.4353453,1.5174094,-0.082064256,9.493811
2022-03-18,1.2744486,1.4276255,-0.15317689,9.211855
2022-03-19,2.8734782,2.0341127,0.8393653,9.104484
2022-03-20,3.603015,2.3593595,1.2436554,9.716985
2022-03-21,3.748495,2.2740042,1.4744908,10.343704
2022-03-22,2.7954795,1.6754303,1.1200495,10.400372
2022-03-23,2.8081796,1.995694,0.8124857,10.332926
2022-03-24,4.078861,2.5620508,1.5168108,10.644687
2022-03-25,6.045689,2.9703178,3.0753713,10.975009
2022-03-26,4.1636524,2.4222155,1.741437,10.627136
2022-03-27,1.6566701,2.0068219,-0.35015178,10.354192
2022-03-28,2.470198,2.0119705,0.45822746,9.493502
2022-03-29,1.9253328,2.0021136,-0.07678086,8.440101
2022-03-30,1.7597108,1.8718027,-0.112091795,8.201529
2022-03-31,2.4969134,2.0232792,0.47363418,8.265759
2022-04-01,2.6470807,2.2005098,0.44657108,8.092528
2022-04-02,1.7889891,1.7730452,0.015943931,8.518059
2022-04-03,4.8953104,2.4757211,2.4195895,8.474497
2022-04-04,3.95679,2.5289302,1.4278599,9.077584
2022-04-05,4.116142,2.188522,1.9276198,9.138065
2022-04-06,3.0876405,2.0875695,1.0000712,9.232927
2022-04-07,3.306964,1.9385458,1.368418,8.90032
2022-04-08,4.332761,2.054259,2.2785017,8.955775
2022-04-09,4.2892294,1.8914627,2.3977666,9.038374
2022-04-10,4.952565,1.9217886,3.0307767,9.128079
2022-04-11,2.868285,1.949786,0.91849905,7.761123
2022-04-12,2.1508474,1.5682771,0.5825704,7.955621
2022-04-13,5.070228,2.3740332,2.6961946,7.856441
2022-04-14,7.165415,3.6203032,3.545112,10.174497
2022-04-15,6.322557,3.3160338,3.0065234,10.750318
2022-04-16,5.7386823,2.9130633,2.8256192,11.026225
2022-04-17,5.1562552,2.6281567,2.5280983,11.128288
2022-04-18,2.766435,1.675096,1.091339,9.6665945
2022-04-19,3.3751497,1.6985062,1.6766435,9.387564
2022-04-20,1.9955103,1.8184788,0.17703156,8.902906
2022-04-21,2.4732053,2.0513518,0.4218535,9.000711
2022-04-22,4.656657,2.6584606,1.9981966,8.760013
2022-04-23,5.375582,3.137634,2.237948,9.548376
2022-04-24,5.216413,3.101764,2.1146488,10.238492
2022-04-25,3.5677216,2.372342,1.1953797,10.31759
2022-04-26,5.2073836,2.7248766,2.482507,10.482536
2022-04-27,3.6365795,2.015084,1.6214955,10.538953
2022-04-28,3.0391345,2.1459725,0.8931617,9.416092
2022-04-29,3.2518048,1.5165638,1.7352412,9.220112
2022-04-30,4.007432,0.9892291,3.0182028,8.859321
2022-05-01,3.3283212,1.6129937,1.7153275,9.579905
2022-05-02,4.53755,1.8161346,2.7214155,9.43717
2022-05-03,1.7422814,1.8789377,-0.13665624,9.213577
2022-05-04,1.4231358,1.6155671,-0.19243135,8.663966
2022-05-05,1.3847717,1.7616011,-0.37682927,8.606276
2022-05-06,3.0315456,2.2193687,0.8121767,9.190834
2022-05-07,2.298347,2.0333073,0.26503965,9.263114
2022-05-08,2.6586344,1.9997436,0.6588908,9.3661375
2022-05-09,2.3547227,2.0360532,0.31866953,9.28125
2022-05-10,2.0250943,1.9342422,0.09085211,9.005468
2022-05-11,2.0407965,1.7074142,0.33338252,8.687639
2022-05-12,2.8436794,2.1449938,0.6986855,8.589153
2022-05-13,2.8019326,2.066236,0.73569643,8.212045
2022-05-14,3.5198243,2.0181165,1.5017078,7.981333
2022-05-15,3.8130002,1.7986075,2.0143929,8.192761
2022-05-16,5.248108,2.23438,3.0137281,7.9078417
2022-05-17,6.3258977,2.8589888,3.466909,8.480444
2022-05-18,4.78017,2.4689069,2.3112628,9.461487
2022-05-19,5.2634335,2.24915,3.0142832,9.038583
2022-05-20,4.9667263,2.1084278,2.8582985,8.871688
2022-05-21,4.793082,1.9263622,2.8667197,8.582781
2022-05-22,5.029807,2.1362438,2.8935635,8.807271
2022-05-23,2.6003542,2.0128396,0.58751464,9.587566
2022-05-24,3.1080136,1.9461755,1.1618382,9.412996
2022-05-25,2.972685,1.8285631,1.1441221,9.27269
2022-05-26,1.8567623,1.7628937,0.093868636,9.31052
2022-05-27,2.1231723,1.6837361,0.43943617,9.188718
2022-05-28,2.3006732,1.454425,0.8462482,8.528953
2022-05-29,2.1306555,2.115084,0.015571579,8.165525
2022-05-30,2.8954973,2.2434134,0.6520839,7.600969
2022-05-31,2.1529038,1.9344813,0.21842252,8.310568
2022-06-01,1.9666988,1.9047431,0.0619556,8.290997
2022-06-02,2.0799472,1.8883317,0.19161566,7.7934647
2022-06-03,2.2832396,1.9196202,0.3636194,7.846447
2022-06-04,3.0706806,1.8888601,1.1818203,8.073424
2022-06-05,2.5491326,1.7212414,0.82789135,7.9736776
2022-06-06,1.9921106,1.6760805,0.3160301,7.423022
2022-06-07,2.5049741,1.31812,1.1868541,7.262801
2022-06-08,2.647821,1.7057388,0.94208217,7.3812356
2022-06-09,3.3099437,1.7311313,1.5788122,7.1981096
2022-06-10,4.220278,1.9515445,2.2687335,7.3906174
2022-06-11,3.646898,2.1552854,1.4916128,7.6746078
2022-06-12,3.5337315,2.0265045,1.5072271,7.48187
2022-06-13,3.891328,1.9608923,1.930436,7.6254907
2022-06-14,4.6011195,1.757549,2.8435702,7.1988153
2022-06-15,4.6780815,2.0781212,2.5999606,7.1526666
2022-06-16,4.436646,2.5149586,1.9216872,7.697592
2022-06-17,4.8858314,2.4571676,2.428664,7.560111
2022-06-18,4.4586344,2.620834,1.8378001,8.05571
2022-06-19,4.1617546,2.5081668,1.6535877,7.7574253
2022-06-20,3.6528635,2.4269986,1.225865,7.867572
2022-06-21,1.8812902,1.7865081,0.09478209,7.6295557
2022-06-22,2.0976815,1.511854,0.5858275,7.3990364
2022-06-23,1.4169555,1.6608938,-0.24393846,7.2096987
2022-06-24,1.3437414,1.699823,-0.3560816,7.0636497
2022-06-25,2.312823,1.9399363,0.37288693,7.500849
2022-06-26,1.8217118,1.7575017,0.064210095,7.592059
2022-06-27,1.7853065,1.250122,0.5351845,7.444736
2022-06-28,2.82513,1.4118438,1.4132863,6.952765
2022-06-29,2.600575,1.5285673,1.0720078,6.988499
2022-06-30,2.1956916,1.1444457,1.0512458,7.417795
2022-07-01,1.4859326,1.3312781,0.15465453,7.2547398
2022-07-02,1.6351483,1.5613774,0.07377105,7.118626
2022-07-03,2.0591352,1.289582,0.76955336,7.3513565
2022-07-04,1.6247284,1.7916739,-0.16694546,7.1307135
2022-07-05,2.4608161,1.9191875,0.5416284,7.0928693
2022-07-06,3.3473449,2.1025906,1.2447546,7.0904565
2022-07-07,2.668264,1.6487556,1.0195082,7.103029
2022-07-08,1.7648426,1.6177555,0.14708725,6.9060063
2022-07-09,2.095113,1.7639892,0.33112383,7.527091
2022-07-10,3.003434,1.9579295,1.0455045,7.4806495
2022-07-11,2.841723,2.0986814,0.7430417,7.4673724
2022-07-12,3.145151,2.0584242,1.0867269,7.351632
2022-07-13,3.793771,1.8638811,1.9298898,7.5026593
2022-07-14,4.526833,2.267372,2.2594612,7.680172
2022-07-15,4.587152,1.9586284,2.6285236,7.8350134
2022-07-16,3.5614347,2.0602345,1.5012002,7.578593
2022-07-17,2.647777,2.0178683,0.62990886,7.2053914
2022-07-18,2.352282,1.8827333,0.46954864,7.037721
2022-07-19,1.3844742,1.2087935,0.17568061,6.8965044
2022-07-20,1.5961909,1.6967443,-0.10055336,7.313389
2022-07-21,2.7922397,1.7317898,1.0604498,7.7907505
2022-07-22,3.0616534,1.9367993,1.1248538,7.3747177
2022-07-23,2.3561144,1.3340204,1.0220938,7.949789
2022-07-24,2.6194844,1.778046,0.8414385,7.526332
2022-07-25,1.9315002,1.6794351,0.252065,7.5652466
2022-07-26,1.216725,1.4582988,-0.24157389,7.2330546
2022-07-27,1.5219482,1.3037955,0.21815285,7.5756793
2022-07-28,1.3074977,1.31598,-0.008482162,7.59194
2022-07-29,1.7899772,1.6103059,0.17967118,7.415012
2022-07-30,1.8934752,1.514669,0.37880614,7.26954
2022-07-31,3.2813148,2.1004245,1.1808901,6.9943404
2022-08-01,1.8975925,1.3815653,0.5160273,6.914917
2022-08-02,2.5340059,1.8086488,0.72535706,6.8137913
2022-08-03,2.013043,1.764905,0.24813773,7.2593136
2022-08-04,2.3085585,1.5294728,0.7790856,7.321197
2022-08-05,1.4433321,1.3600758,0.083256334,7.4199686
2022-08-06,1.0651419,1.0771016,-0.011959632,7.5156245
2022-08-07,3.8272057,1.824049,2.003157,7.5517464
2022-08-08,4.2426033,1.9736253,2.268978,7.1989017
2022-08-09,4.4179463,2.5890262,1.8289201,7.097449
2022-08-10,5.948934,2.921477,3.027457,7.1990585
2022-08-11,6.7616205,3.0916917,3.6699283,7.647162
2022-08-12,3.7080593,1.9071809,1.8008784,7.085738
2022-08-13,3.0643685,1.6692519,1.3951167,7.108599
2022-08-14,4.8493414,2.6300988,2.2192426,7.5221763
2022-08-15,5.2263203,2.991026,2.235294,7.759774
2022-08-16,1.3665369,1.4094552,-0.04291822,7.476587
2022-08-17,1.5657586,1.5292757,0.03648286,7.428333
2022-08-18,1.3757644,1.392334,-0.016569698,7.4505634
2022-08-19,3.2360473,1.7164475,1.5195998,7.6307073
2022-08-20,5.33733,2.6447325,2.6925976,7.565
2022-08-21,3.8981974,2.3263369,1.5718603,7.636045
2022-08-22,2.8621676,1.8693197,0.992848,7.555019
2022-08-23,3.5538547,1.5679353,1.9859192,7.4941325
2022-08-24,3.255006,1.6379861,1.6170201,7.467658
2022-08-25,1.855298,1.5214691,0.33382902,6.8909893
2022-08-26,1.6252173,1.4230149,0.20220247,7.1776495
2022-08-27,1.9081455,1.4220392,0.48610646,7.240469
2022-08-28,2.403476,2.1685097,0.23496623,7.269867
2022-08-29,1.9627086,1.8013139,0.16139473,7.177301
2022-08-30,1.9463012,1.4114496,0.5348516,7.169253
2022-08-31,1.9465271,1.62577,0.32075712,6.9352517
2022-09-01,2.517747,1.5439075,0.97383934,7.304259
2022-09-02,2.6753716,1.8814982,0.79387367,7.1391196
2022-09-03,3.483944,2.20148,1.2824641,7.179592
2022-09-04,3.6658845,2.0976346,1.5682501,7.2301226
2022-09-05,2.6395915,1.9312202,0.70837116,7.4087505
2022-09-06,1.7096492,1.7403898,-0.030740561,7.331852
2022-09-07,2.0841458,1.6025162,0.48162952,7.575903
2022-09-08,2.0696633,1.2201097,0.84955364,7.7061586
2022-09-09,2.0012999,1.4473997,0.55390024,7.913391
2022-09-10,2.7241569,1.5825217,1.1416351,8.417345
2022-09-11,4.2148,2.004313,2.2104867,7.9813776
2022-09-12,5.0549107,2.7832384,2.2716727,7.7136846
2022-09-13,4.3615947,2.2383518,2.1232429,7.6691957
2022-09-14,3.1160288,2.2020261,0.91400266,7.5773134
2022-09-15,2.0936143,1.6019231,0.49169123,7.4539495
2022-09-16,1.7688231,1.6192235,0.14959966,7.627379
2022-09-17,1.8782108,1.488171,0.39003968,7.708133
2022-09-18,2.334809,1.8126626,0.5221466,7.9462643
2022-09-19,3.4407065,1.6692028,1.7715037,7.7839146
2022-09-20,3.718912,2.0379384,1.6809736,8.067841
2022-09-21,3.1486754,2.1629257,0.9857497,7.711602
2022-09-22,2.0265765,1.9156743,0.11090233,7.6739883
2022-09-23,1.9188743,1.828423,0.09045131,7.723856
2022-09-24,2.249035,1.9011276,0.3479073,8.112352
2022-09-25,2.1882012,1.8657744,0.32242683,7.7603936
2022-09-26,2.9528065,1.9911302,0.96167624,7.5771785
2022-09-27,1.8165884,1.7859054,0.03068307,8.1938305
2022-09-28,1.8588438,1.7236334,0.13521035,8.207822
2022-09-29,1.7445207,1.7263248,0.018195923,8.251396
2022-09-30,2.0657635,1.7917814,0.2739822,8.512529
2022-10-01,2.011549,1.5748662,0.43668288,8.452847
2022-10-02,1.6415614,1.8061318,-0.16457042,8.505222
2022-10-03,1.6991235,1.6023864,0.096737094,7.7538195
2022-10-04,3.9215088,2.308562,1.6129467,7.5804753
2022-10-05,2.8993156,1.9175739,0.98174167,8.223428
2022-10-06,2.3513882,1.7044145,0.64697385,8.210434
2022-10-07,3.055774,1.9530569,1.102717,8.232248
2022-10-08,3.3397331,2.0352538,1.3044795,8.131543
2022-10-09,4.3196974,2.2857156,2.033982,8.062642
2022-10-10,4.1393323,2.384148,1.7551844,8.149216
2022-10-11,3.8815408,2.366112,1.5154288,8.339569
2022-10-12,3.2775939,1.7606193,1.5169746,8.099991
2022-10-13,2.0379124,1.999026,0.03888646,8.8253355
2022-10-14,1.4691207,1.8838774,-0.41475654,9.36618
2022-10-15,1.5701354,1.6506276,-0.0804923,8.657832
2022-10-16,1.8129581,1.57092,0.24203809,8.917758
2022-10-17,1.6309938,1.8015733,-0.17057939,10.07285
2022-10-18,2.6088753,2.3761168,0.23275839,10.210378
2022-10-19,2.3091102,1.8391806,0.4699296,10.77268
2022-10-20,2.204577,1.6218393,0.5827377,10.329867
2022-10-21,2.982764,1.9271647,1.0555995,10.156446
2022-10-22,3.7217784,1.9364884,1.7852901,10.756049
2022-10-23,2.7055137,1.6110426,1.0944713,11.406611
2022-10-24,1.5874732,1.4028487,0.1846245,10.0771475
2022-10-25,1.7504922,2.0793557,-0.3288635,8.494547
2022-10-26,2.3756373,1.9084463,0.4671909,8.719872
2022-10-27,1.6510926,1.8278837,-0.1767909,8.596412
2022-10-28,1.9536113,1.8475595,0.10605182,9.129789
2022-10-29,2.1941147,1.5266157,0.667499,9.7211685
2022-10-30,1.8330804,1.5420328,0.29104763,9.330902
2022-10-31,2.669755,1.8152218,0.85453296,9.105673
2022-11-01,2.3355172,1.9310118,0.40450555,9.089367
2022-11-02,2.185505,2.0586927,0.12681234,9.449178
2022-11-03,1.5231241,1.5546947,-0.03157063,9.345345
2022-11-04,1.49438,1.364389,0.12999095,9.319322
2022-11-05,2.0488982,1.7826533,0.26624477,9.612809
2022-11-06,1.9943844,1.9637017,0.030682776,10.005143
2022-11-07,2.0039876,1.8254162,0.17857134,9.34345
2022-11-08,2.3062544,2.0831933,0.22306097,9.148414
2022-11-09,2.0744145,2.2363145,-0.16190016,9.446058
2022-11-10,2.0839958,2.1136699,-0.029674117,9.952929
2022-11-11,2.3836377,2.1692216,0.21441613,10.347705
2022-11-12,4.3721714,2.5219665,1.850205,9.740557
2022-11-13,3.2774422,1.9944601,1.2829821,9.195841
2022-11-14,3.1441863,2.1212912,1.0228951,8.796549
2022-11-15,4.0842648,1.9947805,2.0894845,9.650575
2022-11-16,3.3866777,2.1184618,1.2682158,9.956574
2022-11-17,2.527922,1.9968568,0.53106517,10.122637
2022-11-18,1.4562624,1.5096058,-0.05334334,9.457378
2022-11-19,1.8651824,1.7368551,0.12832722,9.307647
2022-11-20,2.4206152,2.1204948,0.30012056,9.232462
2022-11-21,3.554855,2.086513,1.4683422,8.457049
2022-11-22,4.568883,2.254034,2.3148491,8.24377
2022-11-23,4.426557,2.0604236,2.3661332,8.339542
2022-11-24,1.7818966,1.6905041,0.09139255,8.691384
2022-11-25,2.668414,1.5236698,1.1447444,8.704987
2022-11-26,1.7314798,1.3373785,0.3941012,8.529508
2022-11-27,2.1514013,1.776206,0.37519535,8.888317
2022-11-28,2.6588151,1.8720844,0.78673065,8.687409
2022-11-29,2.4951532,1.8001988,0.69495434,8.682891
2022-11-30,3.0235918,1.8724949,1.1510969,8.809212
2022-12-01,2.3317254,1.4303427,0.9013826,8.899559
2022-12-02,2.5916965,1.5729722,1.0187243,8.871599
2022-12-03,3.0944796,1.8601338,1.2343459,9.112223
2022-12-04,3.1564412,1.5915082,1.564933,8.949025
2022-12-05,2.9017072,1.9411672,0.96053994,9.201162
2022-12-06,3.5947094,1.5972868,1.9974227,8.939086
2022-12-07,3.331479,1.6051717,1.7263075,8.714389
2022-12-08,1.9257476,1.442741,0.48300654,9.288558
2022-12-09,3.1434753,1.7971956,1.3462797,8.633306
2022-12-10,4.6233926,1.6353235,2.9880693,8.721325
2022-12-11,5.5757236,1.7099681,3.865755,7.9993534
2022-12-12,5.369262,1.8321115,3.5371504,7.2222476
2022-12-13,6.2191916,1.769488,4.4497037,7.411751
2022-12-14,4.8450885,1.6340255,3.2110627,7.5545444
2022-12-15,4.292824,1.4353164,2.8575075,8.476171
2022-12-16,2.0891511,1.5916756,0.49747556,8.695383
2022-12-17,1.4178232,1.7050729,-0.28724965,9.474723
2022-12-18,1.6525066,1.643717,0.008789549,9.892704
2022-12-19,1.7384613,1.5779505,0.16051084,9.994673
2022-12-20,2.64799,1.420907,1.2270832,8.86325
2022-12-21,4.164089,2.1566486,2.0074403,8.494748
2022-12-22,4.6573496,2.105849,2.5515006,8.72714
2022-12-23,3.2105873,1.8357657,1.3748214,8.456057
2022-12-24,4.6374006,2.487316,2.1500845,10.220708
2022-12-25,4.090892,2.490697,1.6001949,10.597138
2022-12-26,4.4494514,2.6836107,1.7658411,10.238833
2022-12-27,5.39738,2.1509097,3.24647,10.3149395
2022-12-28,4.0536327,1.7698573,2.2837756,9.153564
2022-12-29,2.59356,2.2450306,0.34852952,8.553083
2022-12-30,2.5749896,1.9347448,0.64024484,9.711461
2022-12-31,2.9981127,1.5953419,1.4027705,10.225025
